Choice,Votes,Vote %,ED,MI,PR
Precinct BLAIN BOROUGH,,,,,
President (Vote for 1),,,,,
BIDEN/HARRIS,23,18.85%,21,2,0
TRUMP/PENCE,97,79.51%,96,0,1
JORGENSEN/COHEN,2,1.64%,2,0,0
PRESIDENT WRITE-IN,0,0.00%,0,0,0
Total,122,100.00%,119,2,1
Attorney General (Vote for 1),,,,,
JOSH SHAPIRO,24,19.83%,22,2,0
HEATHER HEIDELBAUGH,95,78.51%,94,0,1
DANIEL WASSMER,2,1.65%,2,0,0
RICHARD L WEISS,0,0.00%,0,0,0
ATTORNEY GENERAL WRITE-IN,0,0.00%,0,0,0
Total,121,100.00%,118,2,1
Auditor General (Vote for 1),,,,,
NINA AHMAD,20,16.81%,18,2,0
TIMOTHY DEFOOR,96,80.67%,95,0,1
JENNIFER MOORE,3,2.52%,3,0,0
OLIVIA FAISON,0,0.00%,0,0,0
AUDITOR GENERAL WRITE-IN,0,0.00%,0,0,0
Total,119,100.00%,116,2,1
State Treasurer (Vote for 1),,,,,
JOE TORSELLA,20,16.81%,18,2,0
STACY L GARRITY,97,81.51%,96,0,1
JOE SOLOSKI,1,0.84%,1,0,0
TIMOTHY RUNKLE,1,0.84%,1,0,0
STATE TREASURER WRITE-IN,0,0.00%,0,0,0
Total,119,100.00%,116,2,1
Congress 12 (Vote for 1),,,,,
LEE GRIFFIN,20,16.67%,18,2,0
FRED KELLER,100,83.33%,99,0,1
12TH CONGRESSIONAL WRITE-IN,0,0.00%,0,0,0
Total,120,100.00%,117,2,1
PA Senator 15 (Vote for 1),,,,,
GEORGE SCOTT,25,20.83%,23,2,0
JOHN DISANTO,95,79.17%,94,0,1
15TH SENATORIAL WRITE-IN,0,0.00%,0,0,0
Total,120,100.00%,117,2,1
PA Rep 86 (Vote for 1),,,,,
PERRY STAMBAUGH,111,100.00%,109,1,1
86TH LEGISLATIVE WRITE-IN,0,0.00%,0,0,0
Total,111,100.00%,109,1,1
Precinct BLOOMFIELD BOROUGH,,,,,
President (Vote for 1),,,,,
BIDEN/HARRIS,166,31.20%,91,72,3
TRUMP/PENCE,352,66.17%,301,50,1
JORGENSEN/COHEN,7,1.32%,6,1,0
PRESIDENT WRITE-IN,7,1.32%,3,4,0
Total,532,100.00%,401,127,4
Attorney General (Vote for 1),,,,,
JOSH SHAPIRO,172,32.82%,99,70,3
Choice,Votes,Vote %,ED,MI,PR
HEATHER HEIDELBAUGH,330,62.98%,280,49,1
DANIEL WASSMER,13,2.48%,10,3,0
RICHARD L WEISS,9,1.72%,6,3,0
ATTORNEY GENERAL WRITE-IN,0,0.00%,0,0,0
Total,524,100.00%,395,125,4
Auditor General (Vote for 1),,,,,
NINA AHMAD,142,27.36%,77,62,3
TIMOTHY DEFOOR,353,68.02%,297,55,1
JENNIFER MOORE,17,3.28%,15,2,0
OLIVIA FAISON,7,1.35%,3,4,0
AUDITOR GENERAL WRITE-IN,0,0.00%,0,0,0
Total,519,100.00%,392,123,4
State Treasurer (Vote for 1),,,,,
JOE TORSELLA,150,29.01%,82,65,3
STACY L GARRITY,345,66.73%,293,51,1
JOE SOLOSKI,11,2.13%,9,2,0
TIMOTHY RUNKLE,11,2.13%,6,5,0
STATE TREASURER WRITE-IN,0,0.00%,0,0,0
Total,517,100.00%,390,123,4
Congress 12 (Vote for 1),,,,,
LEE GRIFFIN,139,26.53%,75,61,3
FRED KELLER,385,73.47%,321,63,1
12TH CONGRESSIONAL WRITE-IN,0,0.00%,0,0,0
Total,524,100.00%,396,124,4
PA Senator 15 (Vote for 1),,,,,
GEORGE SCOTT,171,32.63%,91,77,3
JOHN DISANTO,353,67.37%,305,47,1
15TH SENATORIAL WRITE-IN,0,0.00%,0,0,0
Total,524,100.00%,396,124,4
PA Rep 86 (Vote for 1),,,,,
PERRY STAMBAUGH,451,96.16%,366,82,3
86TH LEGISLATIVE WRITE-IN,18,3.84%,6,11,1
Total,469,100.00%,372,93,4
Precinct BUFFALO TOWNSHIP,,,,,
President (Vote for 1),,,,,
BIDEN/HARRIS,153,20.87%,76,75,2
TRUMP/PENCE,562,76.67%,487,69,6
JORGENSEN/COHEN,12,1.64%,10,1,1
PRESIDENT WRITE-IN,6,0.82%,6,0,0
Total,733,100.00%,579,145,9
Attorney General (Vote for 1),,,,,
JOSH SHAPIRO,164,22.56%,87,76,1
HEATHER HEIDELBAUGH,537,73.87%,465,65,7
DANIEL WASSMER,21,2.89%,20,1,0
RICHARD L WEISS,5,0.69%,2,2,1
ATTORNEY GENERAL WRITE-IN,0,0.00%,0,0,0
Total,727,100.00%,574,144,9
Auditor General (Vote for 1),,,,,
NINA AHMAD,123,17.15%,62,60,1
TIMOTHY DEFOOR,549,76.57%,468,75,6
JENNIFER MOORE,35,4.88%,28,6,1
OLIVIA FAISON,10,1.39%,7,2,1
Choice,Votes,Vote %,ED,MI,PR
AUDITOR GENERAL WRITE-IN,0,0.00%,0,0,0
Total,717,100.00%,565,143,9
State Treasurer (Vote for 1),,,,,
JOE TORSELLA,131,18.17%,67,62,2
STACY L GARRITY,555,76.98%,476,73,6
JOE SOLOSKI,25,3.47%,21,4,0
TIMOTHY RUNKLE,9,1.25%,4,4,1
STATE TREASURER WRITE-IN,1,0.14%,1,0,0
Total,721,100.00%,569,143,9
Congress 12 (Vote for 1),,,,,
LEE GRIFFIN,127,17.61%,63,60,4
FRED KELLER,593,82.25%,506,82,5
12TH CONGRESSIONAL WRITE-IN,1,0.14%,1,0,0
Total,721,100.00%,570,142,9
PA Senator 15 (Vote for 1),,,,,
GEORGE SCOTT,161,22.27%,89,71,1
JOHN DISANTO,559,77.32%,480,71,8
15TH SENATORIAL WRITE-IN,3,0.41%,2,1,0
Total,723,100.00%,571,143,9
PA Rep 86 (Vote for 1),,,,,
PERRY STAMBAUGH,651,97.31%,539,104,8
86TH LEGISLATIVE WRITE-IN,18,2.69%,7,11,0
Total,669,100.00%,546,115,8
Precinct CARROLL TOWNSHIP,,,,,
President (Vote for 1),,,,,
BIDEN/HARRIS,648,21.76%,299,343,6
TRUMP/PENCE,2260,75.89%,1952,281,27
JORGENSEN/COHEN,59,1.98%,44,13,2
PRESIDENT WRITE-IN,11,0.37%,6,5,0
Total,2978,100.00%,2301,642,35
Attorney General (Vote for 1),,,,,
JOSH SHAPIRO,707,24.01%,362,337,8
HEATHER HEIDELBAUGH,2142,72.73%,1852,266,24
DANIEL WASSMER,69,2.34%,49,19,1
RICHARD L WEISS,25,0.85%,16,9,0
ATTORNEY GENERAL WRITE-IN,2,0.07%,1,1,0
Total,2945,100.00%,2280,632,33
Auditor General (Vote for 1),,,,,
NINA AHMAD,548,18.70%,254,286,8
TIMOTHY DEFOOR,2239,76.42%,1916,298,25
JENNIFER MOORE,107,3.65%,85,21,1
OLIVIA FAISON,32,1.09%,16,16,0
AUDITOR GENERAL WRITE-IN,4,0.14%,2,2,0
Total,2930,100.00%,2273,623,34
State Treasurer (Vote for 1),,,,,
JOE TORSELLA,599,20.44%,289,305,5
STACY L GARRITY,2221,75.78%,1907,289,25
JOE SOLOSKI,79,2.70%,60,16,3
TIMOTHY RUNKLE,30,1.02%,18,12,0
STATE TREASURER WRITE-IN,2,0.07%,1,1,0
Total,2931,100.00%,2275,623,33
Choice,Votes,Vote %,ED,MI,PR
Congress 12 (Vote for 1),,,,,
LEE GRIFFIN,552,18.81%,251,295,6
FRED KELLER,2372,80.82%,2015,330,27
12TH CONGRESSIONAL WRITE-IN,11,0.37%,6,5,0
Total,2935,100.00%,2272,630,33
PA Senator 15 (Vote for 1),,,,,
GEORGE SCOTT,658,22.40%,332,314,12
JOHN DISANTO,2269,77.26%,1936,310,23
15TH SENATORIAL WRITE-IN,10,0.34%,6,4,0
Total,2937,100.00%,2274,628,35
PA Rep 86 (Vote for 1),,,,,
PERRY STAMBAUGH,2615,96.71%,2133,451,31
86TH LEGISLATIVE WRITE-IN,89,3.29%,40,49,0
Total,2704,100.00%,2173,500,31
Precinct CENTRE TOWNSHIP,,,,,
President (Vote for 1),,,,,
BIDEN/HARRIS,309,22.29%,145,162,2
TRUMP/PENCE,1048,75.61%,871,166,11
JORGENSEN/COHEN,27,1.95%,20,7,0
PRESIDENT WRITE-IN,2,0.14%,1,1,0
Total,1386,100.00%,1037,336,13
Attorney General (Vote for 1),,,,,
JOSH SHAPIRO,322,23.52%,161,157,4
HEATHER HEIDELBAUGH,1008,73.63%,838,163,7
DANIEL WASSMER,28,2.05%,21,6,1
RICHARD L WEISS,11,0.80%,6,4,1
ATTORNEY GENERAL WRITE-IN,0,0.00%,0,0,0
Total,1369,100.00%,1026,330,13
Auditor General (Vote for 1),,,,,
NINA AHMAD,262,19.29%,123,137,2
TIMOTHY DEFOOR,1027,75.63%,849,170,8
JENNIFER MOORE,56,4.12%,41,12,3
OLIVIA FAISON,13,0.96%,8,5,0
AUDITOR GENERAL WRITE-IN,0,0.00%,0,0,0
Total,1358,100.00%,1021,324,13
State Treasurer (Vote for 1),,,,,
JOE TORSELLA,287,21.10%,138,147,2
STACY L GARRITY,1016,74.71%,845,163,8
JOE SOLOSKI,40,2.94%,27,11,2
TIMOTHY RUNKLE,17,1.25%,10,6,1
STATE TREASURER WRITE-IN,0,0.00%,0,0,0
Total,1360,100.00%,1020,327,13
Congress 12 (Vote for 1),,,,,
LEE GRIFFIN,273,20.10%,125,145,3
FRED KELLER,1082,79.68%,892,180,10
12TH CONGRESSIONAL WRITE-IN,3,0.22%,3,0,0
Total,1358,100.00%,1020,325,13
PA Senator 15 (Vote for 1),,,,,
GEORGE SCOTT,313,22.81%,154,155,4
JOHN DISANTO,1059,77.19%,875,175,9
15TH SENATORIAL WRITE-IN,0,0.00%,0,0,0
Choice,Votes,Vote %,ED,MI,PR
Total,1372,100.00%,1029,330,13
PA Rep 86 (Vote for 1),,,,,
PERRY STAMBAUGH,1216,96.66%,950,255,11
86TH LEGISLATIVE WRITE-IN,42,3.34%,21,20,1
Total,1258,100.00%,971,275,12
Precinct DUNCANNON BOROUGH,,,,,
President (Vote for 1),,,,,
BIDEN/HARRIS,248,33.79%,144,104,0
TRUMP/PENCE,465,63.35%,410,48,7
JORGENSEN/COHEN,21,2.86%,18,2,1
PRESIDENT WRITE-IN,0,0.00%,0,0,0
Total,734,100.00%,572,154,8
Attorney General (Vote for 1),,,,,
JOSH SHAPIRO,262,35.99%,152,110,0
HEATHER HEIDELBAUGH,423,58.10%,377,38,8
DANIEL WASSMER,27,3.71%,23,4,0
RICHARD L WEISS,15,2.06%,14,1,0
ATTORNEY GENERAL WRITE-IN,1,0.14%,1,0,0
Total,728,100.00%,567,153,8
Auditor General (Vote for 1),,,,,
NINA AHMAD,219,30.46%,119,100,0
TIMOTHY DEFOOR,450,62.59%,399,43,8
JENNIFER MOORE,39,5.42%,36,3,0
OLIVIA FAISON,11,1.53%,8,3,0
AUDITOR GENERAL WRITE-IN,0,0.00%,0,0,0
Total,719,100.00%,562,149,8
State Treasurer (Vote for 1),,,,,
JOE TORSELLA,226,31.43%,131,95,0
STACY L GARRITY,447,62.17%,394,45,8
JOE SOLOSKI,33,4.59%,30,3,0
TIMOTHY RUNKLE,13,1.81%,9,4,0
STATE TREASURER WRITE-IN,0,0.00%,0,0,0
Total,719,100.00%,564,147,8
Congress 12 (Vote for 1),,,,,
LEE GRIFFIN,238,32.92%,139,99,0
FRED KELLER,484,66.94%,426,50,8
12TH CONGRESSIONAL WRITE-IN,1,0.14%,1,0,0
Total,723,100.00%,566,149,8
PA Senator 15 (Vote for 1),,,,,
GEORGE SCOTT,263,36.33%,159,104,0
JOHN DISANTO,461,63.67%,405,48,8
15TH SENATORIAL WRITE-IN,0,0.00%,0,0,0
Total,724,100.00%,564,152,8
PA Rep 86 (Vote for 1),,,,,
PERRY STAMBAUGH,601,95.55%,497,96,8
86TH LEGISLATIVE WRITE-IN,28,4.45%,17,11,0
Total,629,100.00%,514,107,8
Precinct GREENWOOD TOWNSHIP,,,,,
President (Vote for 1),,,,,
BIDEN/HARRIS,167,25.85%,95,72,0
Choice,Votes,Vote %,ED,MI,PR
TRUMP/PENCE,469,72.60%,391,71,7
JORGENSEN/COHEN,7,1.08%,6,1,0
PRESIDENT WRITE-IN,3,0.46%,1,2,0
Total,646,100.00%,493,146,7
Attorney General (Vote for 1),,,,,
JOSH SHAPIRO,183,28.73%,112,69,2
HEATHER HEIDELBAUGH,443,69.54%,366,72,5
DANIEL WASSMER,9,1.41%,8,1,0
RICHARD L WEISS,1,0.16%,0,1,0
ATTORNEY GENERAL WRITE-IN,1,0.16%,0,1,0
Total,637,100.00%,486,144,7
Auditor General (Vote for 1),,,,,
NINA AHMAD,138,21.70%,80,58,0
TIMOTHY DEFOOR,477,75.00%,388,82,7
JENNIFER MOORE,15,2.36%,13,2,0
OLIVIA FAISON,5,0.79%,4,1,0
AUDITOR GENERAL WRITE-IN,1,0.16%,0,1,0
Total,636,100.00%,485,144,7
State Treasurer (Vote for 1),,,,,
JOE TORSELLA,157,24.76%,90,66,1
STACY L GARRITY,458,72.24%,377,75,6
JOE SOLOSKI,14,2.21%,13,1,0
TIMOTHY RUNKLE,4,0.63%,3,1,0
STATE TREASURER WRITE-IN,1,0.16%,0,1,0
Total,634,100.00%,483,144,7
Congress 12 (Vote for 1),,,,,
LEE GRIFFIN,136,21.35%,76,59,1
FRED KELLER,500,78.49%,409,85,6
12TH CONGRESSIONAL WRITE-IN,1,0.16%,0,1,0
Total,637,100.00%,485,145,7
PA Senator 15 (Vote for 1),,,,,
GEORGE SCOTT,154,24.10%,92,60,2
JOHN DISANTO,484,75.74%,396,83,5
15TH SENATORIAL WRITE-IN,1,0.16%,0,1,0
Total,639,100.00%,488,144,7
PA Rep 86 (Vote for 1),,,,,
PERRY STAMBAUGH,561,96.72%,446,108,7
86TH LEGISLATIVE WRITE-IN,19,3.28%,5,14,0
Total,580,100.00%,451,122,7
Precinct HOWE TOWNSHIP,,,,,
President (Vote for 1),,,,,
BIDEN/HARRIS,70,27.13%,42,27,1
TRUMP/PENCE,187,72.48%,165,21,1
JORGENSEN/COHEN,1,0.39%,1,0,0
PRESIDENT WRITE-IN,0,0.00%,0,0,0
Total,258,100.00%,208,48,2
Attorney General (Vote for 1),,,,,
JOSH SHAPIRO,79,31.10%,54,24,1
HEATHER HEIDELBAUGH,172,67.72%,148,23,1
DANIEL WASSMER,3,1.18%,3,0,0
RICHARD L WEISS,0,0.00%,0,0,0
ATTORNEY GENERAL WRITE-IN,0,0.00%,0,0,0
Choice,Votes,Vote %,ED,MI,PR
Total,254,100.00%,205,47,2
Auditor General (Vote for 1),,,,,
NINA AHMAD,58,22.75%,35,22,1
TIMOTHY DEFOOR,191,74.90%,167,23,1
JENNIFER MOORE,6,2.35%,5,1,0
OLIVIA FAISON,0,0.00%,0,0,0
AUDITOR GENERAL WRITE-IN,0,0.00%,0,0,0
Total,255,100.00%,207,46,2
State Treasurer (Vote for 1),,,,,
JOE TORSELLA,65,25.49%,42,22,1
STACY L GARRITY,187,73.33%,163,23,1
JOE SOLOSKI,2,0.78%,2,0,0
TIMOTHY RUNKLE,1,0.39%,0,1,0
STATE TREASURER WRITE-IN,0,0.00%,0,0,0
Total,255,100.00%,207,46,2
Congress 12 (Vote for 1),,,,,
LEE GRIFFIN,56,21.79%,39,16,1
FRED KELLER,201,78.21%,168,32,1
12TH CONGRESSIONAL WRITE-IN,0,0.00%,0,0,0
Total,257,100.00%,207,48,2
PA Senator 15 (Vote for 1),,,,,
GEORGE SCOTT,65,25.39%,45,19,1
JOHN DISANTO,191,74.61%,162,28,1
15TH SENATORIAL WRITE-IN,0,0.00%,0,0,0
Total,256,100.00%,207,47,2
PA Rep 86 (Vote for 1),,,,,
PERRY STAMBAUGH,222,97.37%,180,40,2
86TH LEGISLATIVE WRITE-IN,6,2.63%,3,3,0
Total,228,100.00%,183,43,2
Precinct JACKSON TOWNSHIP,,,,,
President (Vote for 1),,,,,
BIDEN/HARRIS,33,15.94%,20,13,0
TRUMP/PENCE,171,82.61%,153,18,0
JORGENSEN/COHEN,2,0.97%,2,0,0
PRESIDENT WRITE-IN,1,0.48%,1,0,0
Total,207,100.00%,176,31,0
Attorney General (Vote for 1),,,,,
JOSH SHAPIRO,42,21.11%,28,14,0
HEATHER HEIDELBAUGH,155,77.89%,141,14,0
DANIEL WASSMER,1,0.50%,1,0,0
RICHARD L WEISS,1,0.50%,1,0,0
ATTORNEY GENERAL WRITE-IN,0,0.00%,0,0,0
Total,199,100.00%,171,28,0
Auditor General (Vote for 1),,,,,
NINA AHMAD,36,17.91%,23,13,0
TIMOTHY DEFOOR,158,78.61%,142,16,0
JENNIFER MOORE,5,2.49%,5,0,0
OLIVIA FAISON,2,1.00%,2,0,0
AUDITOR GENERAL WRITE-IN,0,0.00%,0,0,0
Total,201,100.00%,172,29,0
Choice,Votes,Vote %,ED,MI,PR
State Treasurer (Vote for 1),,,,,
JOE TORSELLA,39,19.12%,23,16,0
STACY L GARRITY,158,77.45%,144,14,0
JOE SOLOSKI,7,3.43%,7,0,0
TIMOTHY RUNKLE,0,0.00%,0,0,0
STATE TREASURER WRITE-IN,0,0.00%,0,0,0
Total,204,100.00%,174,30,0
Congress 12 (Vote for 1),,,,,
LEE GRIFFIN,30,15.00%,20,10,0
FRED KELLER,170,85.00%,151,19,0
12TH CONGRESSIONAL WRITE-IN,0,0.00%,0,0,0
Total,200,100.00%,171,29,0
PA Senator 15 (Vote for 1),,,,,
GEORGE SCOTT,37,17.96%,23,14,0
JOHN DISANTO,169,82.04%,153,16,0
15TH SENATORIAL WRITE-IN,0,0.00%,0,0,0
Total,206,100.00%,176,30,0
PA Rep 86 (Vote for 1),,,,,
PERRY STAMBAUGH,190,98.45%,168,22,0
86TH LEGISLATIVE WRITE-IN,3,1.55%,2,1,0
Total,193,100.00%,170,23,0
Precinct JUNIATA TOWNSHIP,,,,,
President (Vote for 1),,,,,
BIDEN/HARRIS,226,25.77%,110,114,2
TRUMP/PENCE,637,72.63%,556,67,14
JORGENSEN/COHEN,14,1.60%,12,2,0
PRESIDENT WRITE-IN,0,0.00%,0,0,0
Total,877,100.00%,678,183,16
Attorney General (Vote for 1),,,,,
JOSH SHAPIRO,224,25.81%,115,107,2
HEATHER HEIDELBAUGH,602,69.35%,522,66,14
DANIEL WASSMER,29,3.34%,26,3,0
RICHARD L WEISS,13,1.50%,11,2,0
ATTORNEY GENERAL WRITE-IN,0,0.00%,0,0,0
Total,868,100.00%,674,178,16
Auditor General (Vote for 1),,,,,
NINA AHMAD,185,21.64%,89,94,2
TIMOTHY DEFOOR,620,72.51%,532,74,14
JENNIFER MOORE,40,4.68%,33,7,0
OLIVIA FAISON,10,1.17%,8,2,0
AUDITOR GENERAL WRITE-IN,0,0.00%,0,0,0
Total,855,100.00%,662,177,16
State Treasurer (Vote for 1),,,,,
JOE TORSELLA,214,25.00%,108,104,2
STACY L GARRITY,604,70.56%,520,70,14
JOE SOLOSKI,28,3.27%,27,1,0
TIMOTHY RUNKLE,9,1.05%,7,2,0
STATE TREASURER WRITE-IN,1,0.12%,1,0,0
Total,856,100.00%,663,177,16
Congress 12 (Vote for 1),,,,,
LEE GRIFFIN,199,23.11%,95,102,2
FRED KELLER,656,76.19%,567,75,14
Choice,Votes,Vote %,ED,MI,PR
12TH CONGRESSIONAL WRITE-IN,6,0.70%,5,1,0
Total,861,100.00%,667,178,16
PA Senator 15 (Vote for 1),,,,,
GEORGE SCOTT,229,26.66%,116,111,2
JOHN DISANTO,629,73.22%,547,68,14
15TH SENATORIAL WRITE-IN,1,0.12%,1,0,0
Total,859,100.00%,664,179,16
PA Rep 86 (Vote for 1),,,,,
PERRY STAMBAUGH,735,95.45%,597,123,15
86TH LEGISLATIVE WRITE-IN,35,4.55%,21,13,1
Total,770,100.00%,618,136,16
Precinct LANDISBURG BOROUGH,,,,,
President (Vote for 1),,,,,
BIDEN/HARRIS,28,29.17%,19,9,0
TRUMP/PENCE,67,69.79%,57,9,1
JORGENSEN/COHEN,1,1.04%,0,1,0
PRESIDENT WRITE-IN,0,0.00%,0,0,0
Total,96,100.00%,76,19,1
Attorney General (Vote for 1),,,,,
JOSH SHAPIRO,27,28.72%,20,7,0
HEATHER HEIDELBAUGH,62,65.96%,52,9,1
DANIEL WASSMER,3,3.19%,2,1,0
RICHARD L WEISS,2,2.13%,0,2,0
ATTORNEY GENERAL WRITE-IN,0,0.00%,0,0,0
Total,94,100.00%,74,19,1
Auditor General (Vote for 1),,,,,
NINA AHMAD,24,25.81%,18,6,0
TIMOTHY DEFOOR,57,61.29%,48,8,1
JENNIFER MOORE,8,8.60%,5,3,0
OLIVIA FAISON,4,4.30%,2,2,0
AUDITOR GENERAL WRITE-IN,0,0.00%,0,0,0
Total,93,100.00%,73,19,1
State Treasurer (Vote for 1),,,,,
JOE TORSELLA,20,21.28%,14,6,0
STACY L GARRITY,63,67.02%,52,10,1
JOE SOLOSKI,8,8.51%,7,1,0
TIMOTHY RUNKLE,3,3.19%,1,2,0
STATE TREASURER WRITE-IN,0,0.00%,0,0,0
Total,94,100.00%,74,19,1
Congress 12 (Vote for 1),,,,,
LEE GRIFFIN,25,27.17%,19,6,0
FRED KELLER,67,72.83%,53,13,1
12TH CONGRESSIONAL WRITE-IN,0,0.00%,0,0,0
Total,92,100.00%,72,19,1
PA Senator 15 (Vote for 1),,,,,
GEORGE SCOTT,25,27.78%,18,7,0
JOHN DISANTO,65,72.22%,52,12,1
15TH SENATORIAL WRITE-IN,0,0.00%,0,0,0
Total,90,100.00%,70,19,1
PA Rep 86 (Vote for 1),,,,,
PERRY STAMBAUGH,88,97.78%,69,18,1
Choice,Votes,Vote %,ED,MI,PR
86TH LEGISLATIVE WRITE-IN,2,2.22%,2,0,0
Total,90,100.00%,71,18,1
Precinct LIVERPOOL BOROUGH,,,,,
President (Vote for 1),,,,,
BIDEN/HARRIS,144,30.64%,89,55,0
TRUMP/PENCE,310,65.96%,289,21,0
JORGENSEN/COHEN,14,2.98%,11,3,0
PRESIDENT WRITE-IN,2,0.43%,1,1,0
Total,470,100.00%,390,80,0
Attorney General (Vote for 1),,,,,
JOSH SHAPIRO,153,32.97%,95,58,0
HEATHER HEIDELBAUGH,292,62.93%,273,19,0
DANIEL WASSMER,15,3.23%,13,2,0
RICHARD L WEISS,4,0.86%,3,1,0
ATTORNEY GENERAL WRITE-IN,0,0.00%,0,0,0
Total,464,100.00%,384,80,0
Auditor General (Vote for 1),,,,,
NINA AHMAD,120,26.20%,74,46,0
TIMOTHY DEFOOR,311,67.90%,284,27,0
JENNIFER MOORE,23,5.02%,20,3,0
OLIVIA FAISON,4,0.87%,2,2,0
AUDITOR GENERAL WRITE-IN,0,0.00%,0,0,0
Total,458,100.00%,380,78,0
State Treasurer (Vote for 1),,,,,
JOE TORSELLA,137,29.59%,87,50,0
STACY L GARRITY,303,65.44%,278,25,0
JOE SOLOSKI,16,3.46%,14,2,0
TIMOTHY RUNKLE,7,1.51%,5,2,0
STATE TREASURER WRITE-IN,0,0.00%,0,0,0
Total,463,100.00%,384,79,0
Congress 12 (Vote for 1),,,,,
LEE GRIFFIN,124,26.72%,78,46,0
FRED KELLER,340,73.28%,306,34,0
12TH CONGRESSIONAL WRITE-IN,0,0.00%,0,0,0
Total,464,100.00%,384,80,0
PA Senator 15 (Vote for 1),,,,,
GEORGE SCOTT,147,31.96%,99,48,0
JOHN DISANTO,311,67.61%,284,27,0
15TH SENATORIAL WRITE-IN,2,0.43%,0,2,0
Total,460,100.00%,383,77,0
PA Rep 86 (Vote for 1),,,,,
PERRY STAMBAUGH,391,93.99%,337,54,0
86TH LEGISLATIVE WRITE-IN,25,6.01%,13,12,0
Total,416,100.00%,350,66,0
Precinct LIVERPOOL TOWNSHIP,,,,,
President (Vote for 1),,,,,
BIDEN/HARRIS,131,21.55%,63,67,1
TRUMP/PENCE,466,76.64%,403,60,3
JORGENSEN/COHEN,11,1.81%,9,2,0
PRESIDENT WRITE-IN,0,0.00%,0,0,0
Total,608,100.00%,475,129,4
Choice,Votes,Vote %,ED,MI,PR
Attorney General (Vote for 1),,,,,
JOSH SHAPIRO,122,20.27%,61,60,1
HEATHER HEIDELBAUGH,457,75.91%,390,64,3
DANIEL WASSMER,14,2.33%,13,1,0
RICHARD L WEISS,8,1.33%,4,4,0
ATTORNEY GENERAL WRITE-IN,1,0.17%,1,0,0
Total,602,100.00%,469,129,4
Auditor General (Vote for 1),,,,,
NINA AHMAD,104,17.42%,49,54,1
TIMOTHY DEFOOR,469,78.56%,396,70,3
JENNIFER MOORE,20,3.35%,18,2,0
OLIVIA FAISON,4,0.67%,1,3,0
AUDITOR GENERAL WRITE-IN,0,0.00%,0,0,0
Total,597,100.00%,464,129,4
State Treasurer (Vote for 1),,,,,
JOE TORSELLA,111,18.62%,53,57,1
STACY L GARRITY,469,78.69%,398,68,3
JOE SOLOSKI,12,2.01%,12,0,0
TIMOTHY RUNKLE,4,0.67%,1,3,0
STATE TREASURER WRITE-IN,0,0.00%,0,0,0
Total,596,100.00%,464,128,4
Congress 12 (Vote for 1),,,,,
LEE GRIFFIN,115,19.30%,53,61,1
FRED KELLER,480,80.54%,410,67,3
12TH CONGRESSIONAL WRITE-IN,1,0.17%,1,0,0
Total,596,100.00%,464,128,4
PA Senator 15 (Vote for 1),,,,,
GEORGE SCOTT,136,22.70%,61,74,1
JOHN DISANTO,461,76.96%,403,55,3
15TH SENATORIAL WRITE-IN,2,0.33%,2,0,0
Total,599,100.00%,466,129,4
PA Rep 86 (Vote for 1),,,,,
PERRY STAMBAUGH,537,97.81%,442,91,4
86TH LEGISLATIVE WRITE-IN,12,2.19%,5,7,0
Total,549,100.00%,447,98,4
Precinct MADISON TOWNSHIP,,,,,
President (Vote for 1),,,,,
BIDEN/HARRIS,72,16.04%,35,37,0
TRUMP/PENCE,370,82.41%,344,24,2
JORGENSEN/COHEN,6,1.34%,6,0,0
PRESIDENT WRITE-IN,1,0.22%,0,1,0
Total,449,100.00%,385,62,2
Attorney General (Vote for 1),,,,,
JOSH SHAPIRO,75,16.97%,41,34,0
HEATHER HEIDELBAUGH,357,80.77%,327,28,2
DANIEL WASSMER,8,1.81%,8,0,0
RICHARD L WEISS,2,0.45%,2,0,0
ATTORNEY GENERAL WRITE-IN,0,0.00%,0,0,0
Total,442,100.00%,378,62,2
Auditor General (Vote for 1),,,,,
NINA AHMAD,59,13.56%,30,29,0
TIMOTHY DEFOOR,364,83.68%,331,31,2
Choice,Votes,Vote %,ED,MI,PR
JENNIFER MOORE,11,2.53%,11,0,0
OLIVIA FAISON,1,0.23%,1,0,0
AUDITOR GENERAL WRITE-IN,0,0.00%,0,0,0
Total,435,100.00%,373,60,2
State Treasurer (Vote for 1),,,,,
JOE TORSELLA,63,14.48%,34,29,0
STACY L GARRITY,366,84.14%,332,32,2
JOE SOLOSKI,5,1.15%,5,0,0
TIMOTHY RUNKLE,1,0.23%,1,0,0
STATE TREASURER WRITE-IN,0,0.00%,0,0,0
Total,435,100.00%,372,61,2
Congress 12 (Vote for 1),,,,,
LEE GRIFFIN,56,12.81%,28,28,0
FRED KELLER,381,87.19%,347,33,1
12TH CONGRESSIONAL WRITE-IN,0,0.00%,0,0,0
Total,437,100.00%,375,61,1
PA Senator 15 (Vote for 1),,,,,
GEORGE SCOTT,67,15.09%,37,30,0
JOHN DISANTO,377,84.91%,343,32,2
15TH SENATORIAL WRITE-IN,0,0.00%,0,0,0
Total,444,100.00%,380,62,2
PA Rep 86 (Vote for 1),,,,,
PERRY STAMBAUGH,405,98.78%,358,45,2
86TH LEGISLATIVE WRITE-IN,5,1.22%,1,4,0
Total,410,100.00%,359,49,2
Precinct MARYSVILLE BOROUGH,,,,,
President (Vote for 1),,,,,
BIDEN/HARRIS,539,35.96%,243,291,5
TRUMP/PENCE,934,62.31%,796,131,7
JORGENSEN/COHEN,23,1.53%,15,7,1
PRESIDENT WRITE-IN,3,0.20%,1,2,0
Total,1499,100.00%,1055,431,13
Attorney General (Vote for 1),,,,,
JOSH SHAPIRO,532,35.68%,260,267,5
HEATHER HEIDELBAUGH,915,61.37%,761,147,7
DANIEL WASSMER,28,1.88%,20,8,0
RICHARD L WEISS,15,1.01%,9,6,0
ATTORNEY GENERAL WRITE-IN,1,0.07%,1,0,0
Total,1491,100.00%,1051,428,12
Auditor General (Vote for 1),,,,,
NINA AHMAD,455,30.62%,198,253,4
TIMOTHY DEFOOR,955,64.27%,794,152,9
JENNIFER MOORE,57,3.84%,39,18,0
OLIVIA FAISON,19,1.28%,16,3,0
AUDITOR GENERAL WRITE-IN,0,0.00%,0,0,0
Total,1486,100.00%,1047,426,13
State Treasurer (Vote for 1),,,,,
JOE TORSELLA,487,32.71%,222,261,4
STACY L GARRITY,938,63.00%,785,144,9
JOE SOLOSKI,41,2.75%,27,14,0
TIMOTHY RUNKLE,23,1.54%,16,7,0
STATE TREASURER WRITE-IN,0,0.00%,0,0,0
Choice,Votes,Vote %,ED,MI,PR
Total,1489,100.00%,1050,426,13
Congress 12 (Vote for 1),,,,,
LEE GRIFFIN,503,33.67%,235,264,4
FRED KELLER,989,66.20%,818,162,9
12TH CONGRESSIONAL WRITE-IN,2,0.13%,1,1,0
Total,1494,100.00%,1054,427,13
PA Senator 15 (Vote for 1),,,,,
GEORGE SCOTT,549,36.90%,263,281,5
JOHN DISANTO,937,62.97%,785,144,8
15TH SENATORIAL WRITE-IN,2,0.13%,2,0,0
Total,1488,100.00%,1050,425,13
PA Rep 86 (Vote for 1),,,,,
PERRY STAMBAUGH,1203,94.58%,923,270,10
86TH LEGISLATIVE WRITE-IN,69,5.42%,35,34,0
Total,1272,100.00%,958,304,10
Precinct MILLER TOWNSHIP,,,,,
President (Vote for 1),,,,,
BIDEN/HARRIS,110,21.07%,55,55,0
TRUMP/PENCE,406,77.78%,367,38,1
JORGENSEN/COHEN,5,0.96%,3,2,0
PRESIDENT WRITE-IN,1,0.19%,1,0,0
Total,522,100.00%,426,95,1
Attorney General (Vote for 1),,,,,
JOSH SHAPIRO,118,22.74%,64,53,1
HEATHER HEIDELBAUGH,386,74.37%,346,40,0
DANIEL WASSMER,8,1.54%,8,0,0
RICHARD L WEISS,7,1.35%,5,2,0
ATTORNEY GENERAL WRITE-IN,0,0.00%,0,0,0
Total,519,100.00%,423,95,1
Auditor General (Vote for 1),,,,,
NINA AHMAD,92,17.83%,43,48,1
TIMOTHY DEFOOR,405,78.49%,362,43,0
JENNIFER MOORE,11,2.13%,10,1,0
OLIVIA FAISON,7,1.36%,4,3,0
AUDITOR GENERAL WRITE-IN,1,0.19%,1,0,0
Total,516,100.00%,420,95,1
State Treasurer (Vote for 1),,,,,
JOE TORSELLA,105,20.27%,53,52,0
STACY L GARRITY,399,77.03%,357,41,1
JOE SOLOSKI,8,1.54%,8,0,0
TIMOTHY RUNKLE,6,1.16%,4,2,0
STATE TREASURER WRITE-IN,0,0.00%,0,0,0
Total,518,100.00%,422,95,1
Congress 12 (Vote for 1),,,,,
LEE GRIFFIN,95,18.45%,44,51,0
FRED KELLER,418,81.17%,373,44,1
12TH CONGRESSIONAL WRITE-IN,2,0.39%,2,0,0
Total,515,100.00%,419,95,1
PA Senator 15 (Vote for 1),,,,,
GEORGE SCOTT,110,21.24%,60,50,0
JOHN DISANTO,408,78.76%,363,45,0
Choice,Votes,Vote %,ED,MI,PR
15TH SENATORIAL WRITE-IN,0,0.00%,0,0,0
Total,518,100.00%,423,95,0
PA Rep 86 (Vote for 1),,,,,
PERRY STAMBAUGH,444,96.52%,379,64,1
86TH LEGISLATIVE WRITE-IN,16,3.48%,6,10,0
Total,460,100.00%,385,74,1
Precinct MILLERSTOWN BOROUGH,,,,,
President (Vote for 1),,,,,
BIDEN/HARRIS,109,25.89%,45,63,1
TRUMP/PENCE,306,72.68%,272,34,0
JORGENSEN/COHEN,5,1.19%,4,1,0
PRESIDENT WRITE-IN,1,0.24%,1,0,0
Total,421,100.00%,322,98,1
Attorney General (Vote for 1),,,,,
JOSH SHAPIRO,109,26.14%,55,53,1
HEATHER HEIDELBAUGH,292,70.02%,251,41,0
DANIEL WASSMER,14,3.36%,11,3,0
RICHARD L WEISS,2,0.48%,1,1,0
ATTORNEY GENERAL WRITE-IN,0,0.00%,0,0,0
Total,417,100.00%,318,98,1
Auditor General (Vote for 1),,,,,
NINA AHMAD,86,20.98%,32,53,1
TIMOTHY DEFOOR,303,73.90%,264,39,0
JENNIFER MOORE,18,4.39%,16,2,0
OLIVIA FAISON,3,0.73%,2,1,0
AUDITOR GENERAL WRITE-IN,0,0.00%,0,0,0
Total,410,100.00%,314,95,1
State Treasurer (Vote for 1),,,,,
JOE TORSELLA,94,22.71%,41,52,1
STACY L GARRITY,300,72.46%,258,42,0
JOE SOLOSKI,13,3.14%,10,3,0
TIMOTHY RUNKLE,7,1.69%,6,1,0
STATE TREASURER WRITE-IN,0,0.00%,0,0,0
Total,414,100.00%,315,98,1
Congress 12 (Vote for 1),,,,,
LEE GRIFFIN,96,23.08%,38,57,1
FRED KELLER,319,76.68%,279,40,0
12TH CONGRESSIONAL WRITE-IN,1,0.24%,1,0,0
Total,416,100.00%,318,97,1
PA Senator 15 (Vote for 1),,,,,
GEORGE SCOTT,113,27.03%,52,60,1
JOHN DISANTO,304,72.73%,267,37,0
15TH SENATORIAL WRITE-IN,1,0.24%,0,1,0
Total,418,100.00%,319,98,1
PA Rep 86 (Vote for 1),,,,,
PERRY STAMBAUGH,357,95.97%,290,67,0
86TH LEGISLATIVE WRITE-IN,15,4.03%,2,13,0
Total,372,100.00%,292,80,0
Choice,Votes,Vote %,ED,MI,PR
President (Vote for 1),,,,,
BIDEN/HARRIS,15,28.30%,11,4,0
TRUMP/PENCE,38,71.70%,37,1,0
JORGENSEN/COHEN,0,0.00%,0,0,0
PRESIDENT WRITE-IN,0,0.00%,0,0,0
Total,53,100.00%,48,5,0
Attorney General (Vote for 1),,,,,
JOSH SHAPIRO,13,25.49%,10,3,0
HEATHER HEIDELBAUGH,36,70.59%,36,0,0
DANIEL WASSMER,2,3.92%,1,1,0
RICHARD L WEISS,0,0.00%,0,0,0
ATTORNEY GENERAL WRITE-IN,0,0.00%,0,0,0
Total,51,100.00%,47,4,0
Auditor General (Vote for 1),,,,,
NINA AHMAD,8,16.00%,7,1,0
TIMOTHY DEFOOR,38,76.00%,35,3,0
JENNIFER MOORE,4,8.00%,4,0,0
OLIVIA FAISON,0,0.00%,0,0,0
AUDITOR GENERAL WRITE-IN,0,0.00%,0,0,0
Total,50,100.00%,46,4,0
State Treasurer (Vote for 1),,,,,
JOE TORSELLA,9,18.37%,8,1,0
STACY L GARRITY,40,81.63%,37,3,0
JOE SOLOSKI,0,0.00%,0,0,0
TIMOTHY RUNKLE,0,0.00%,0,0,0
STATE TREASURER WRITE-IN,0,0.00%,0,0,0
Total,49,100.00%,45,4,0
Congress 12 (Vote for 1),,,,,
LEE GRIFFIN,11,22.00%,10,1,0
FRED KELLER,39,78.00%,36,3,0
12TH CONGRESSIONAL WRITE-IN,0,0.00%,0,0,0
Total,50,100.00%,46,4,0
PA Senator 15 (Vote for 1),,,,,
GEORGE SCOTT,17,32.69%,14,3,0
JOHN DISANTO,35,67.31%,34,1,0
15TH SENATORIAL WRITE-IN,0,0.00%,0,0,0
Total,52,100.00%,48,4,0
PA Rep 86 (Vote for 1),,,,,
PERRY STAMBAUGH,44,100.00%,41,3,0
86TH LEGISLATIVE WRITE-IN,0,0.00%,0,0,0
Total,44,100.00%,41,3,0
Precinct NEWPORT BOROUGH,,,,,
President (Vote for 1),,,,,
BIDEN/HARRIS,158,25.99%,94,61,3
TRUMP/PENCE,429,70.56%,375,52,2
JORGENSEN/COHEN,18,2.96%,13,5,0
PRESIDENT WRITE-IN,3,0.49%,2,0,1
Total,608,100.00%,484,118,6
Attorney General (Vote for 1),,,,,
JOSH SHAPIRO,193,32.01%,125,65,3
HEATHER HEIDELBAUGH,381,63.18%,333,47,1
DANIEL WASSMER,16,2.65%,14,2,0
Choice,Votes,Vote %,ED,MI,PR
RICHARD L WEISS,12,1.99%,7,4,1
ATTORNEY GENERAL WRITE-IN,1,0.17%,1,0,0
Total,603,100.00%,480,118,5
Auditor General (Vote for 1),,,,,
NINA AHMAD,144,24.20%,87,55,2
TIMOTHY DEFOOR,418,70.25%,362,54,2
JENNIFER MOORE,22,3.70%,19,3,0
OLIVIA FAISON,11,1.85%,6,4,1
AUDITOR GENERAL WRITE-IN,0,0.00%,0,0,0
Total,595,100.00%,474,116,5
State Treasurer (Vote for 1),,,,,
JOE TORSELLA,156,26.04%,98,56,2
STACY L GARRITY,413,68.95%,358,54,1
JOE SOLOSKI,20,3.34%,18,2,0
TIMOTHY RUNKLE,10,1.67%,6,2,2
STATE TREASURER WRITE-IN,0,0.00%,0,0,0
Total,599,100.00%,480,114,5
Congress 12 (Vote for 1),,,,,
LEE GRIFFIN,147,24.50%,89,56,2
FRED KELLER,451,75.17%,389,59,3
12TH CONGRESSIONAL WRITE-IN,2,0.33%,2,0,0
Total,600,100.00%,480,115,5
PA Senator 15 (Vote for 1),,,,,
GEORGE SCOTT,176,29.53%,110,64,2
JOHN DISANTO,419,70.30%,366,50,3
15TH SENATORIAL WRITE-IN,1,0.17%,1,0,0
Total,596,100.00%,477,114,5
PA Rep 86 (Vote for 1),,,,,
PERRY STAMBAUGH,513,96.61%,438,70,5
86TH LEGISLATIVE WRITE-IN,18,3.39%,10,8,0
Total,531,100.00%,448,78,5
Precinct OLIVER TOWNSHIP,,,,,
President (Vote for 1),,,,,
BIDEN/HARRIS,291,30.57%,146,143,2
TRUMP/PENCE,641,67.33%,533,102,6
JORGENSEN/COHEN,18,1.89%,16,2,0
PRESIDENT WRITE-IN,2,0.21%,1,1,0
Total,952,100.00%,696,248,8
Attorney General (Vote for 1),,,,,
JOSH SHAPIRO,311,33.09%,164,145,2
HEATHER HEIDELBAUGH,590,62.77%,492,92,6
DANIEL WASSMER,27,2.87%,23,4,0
RICHARD L WEISS,12,1.28%,8,4,0
ATTORNEY GENERAL WRITE-IN,0,0.00%,0,0,0
Total,940,100.00%,687,245,8
Auditor General (Vote for 1),,,,,
NINA AHMAD,247,26.62%,117,129,1
TIMOTHY DEFOOR,635,68.43%,524,105,6
JENNIFER MOORE,35,3.77%,29,6,0
OLIVIA FAISON,11,1.19%,6,5,0
AUDITOR GENERAL WRITE-IN,0,0.00%,0,0,0
Choice,Votes,Vote %,ED,MI,PR
Total,928,100.00%,676,245,7
State Treasurer (Vote for 1),,,,,
JOE TORSELLA,269,28.86%,131,137,1
STACY L GARRITY,619,66.42%,512,101,6
JOE SOLOSKI,32,3.43%,28,4,0
TIMOTHY RUNKLE,11,1.18%,8,3,0
STATE TREASURER WRITE-IN,1,0.11%,1,0,0
Total,932,100.00%,680,245,7
Congress 12 (Vote for 1),,,,,
LEE GRIFFIN,242,25.99%,120,121,1
FRED KELLER,686,73.68%,556,124,6
12TH CONGRESSIONAL WRITE-IN,3,0.32%,3,0,0
Total,931,100.00%,679,245,7
PA Senator 15 (Vote for 1),,,,,
GEORGE SCOTT,295,31.52%,153,141,1
JOHN DISANTO,640,68.38%,528,106,6
15TH SENATORIAL WRITE-IN,1,0.11%,1,0,0
Total,936,100.00%,682,247,7
PA Rep 86 (Vote for 1),,,,,
PERRY STAMBAUGH,818,97.27%,625,186,7
86TH LEGISLATIVE WRITE-IN,23,2.73%,14,9,0
Total,841,100.00%,639,195,7
Precinct PENN TOWNSHIP,,,,,
President (Vote for 1),,,,,
BIDEN/HARRIS,427,25.80%,183,240,4
TRUMP/PENCE,1199,72.45%,1006,175,18
JORGENSEN/COHEN,24,1.45%,18,6,0
PRESIDENT WRITE-IN,5,0.30%,1,4,0
Total,1655,100.00%,1208,425,22
Attorney General (Vote for 1),,,,,
JOSH SHAPIRO,439,26.85%,202,233,4
HEATHER HEIDELBAUGH,1145,70.03%,961,168,16
DANIEL WASSMER,29,1.77%,21,8,0
RICHARD L WEISS,21,1.28%,15,5,1
ATTORNEY GENERAL WRITE-IN,1,0.06%,1,0,0
Total,1635,100.00%,1200,414,21
Auditor General (Vote for 1),,,,,
NINA AHMAD,370,22.94%,158,208,4
TIMOTHY DEFOOR,1164,72.16%,970,176,18
JENNIFER MOORE,61,3.78%,47,14,0
OLIVIA FAISON,17,1.05%,12,5,0
AUDITOR GENERAL WRITE-IN,1,0.06%,0,1,0
Total,1613,100.00%,1187,404,22
State Treasurer (Vote for 1),,,,,
JOE TORSELLA,390,24.13%,176,211,3
STACY L GARRITY,1158,71.66%,967,173,18
JOE SOLOSKI,41,2.54%,29,12,0
TIMOTHY RUNKLE,26,1.61%,16,9,1
STATE TREASURER WRITE-IN,1,0.06%,1,0,0
Total,1616,100.00%,1189,405,22
Choice,Votes,Vote %,ED,MI,PR
Congress 12 (Vote for 1),,,,,
LEE GRIFFIN,394,24.31%,176,214,4
FRED KELLER,1223,75.45%,1007,198,18
12TH CONGRESSIONAL WRITE-IN,4,0.25%,3,1,0
Total,1621,100.00%,1186,413,22
PA Senator 15 (Vote for 1),,,,,
GEORGE SCOTT,432,26.67%,201,228,3
JOHN DISANTO,1187,73.27%,988,180,19
15TH SENATORIAL WRITE-IN,1,0.06%,1,0,0
Total,1620,100.00%,1190,408,22
PA Rep 86 (Vote for 1),,,,,
PERRY STAMBAUGH,1387,96.86%,1081,285,21
86TH LEGISLATIVE WRITE-IN,45,3.14%,21,24,0
Total,1432,100.00%,1102,309,21
Precinct RYE TOWNSHIP,,,,,
President (Vote for 1),,,,,
BIDEN/HARRIS,377,25.18%,166,210,1
TRUMP/PENCE,1092,72.95%,951,139,2
JORGENSEN/COHEN,21,1.40%,16,5,0
PRESIDENT WRITE-IN,7,0.47%,4,3,0
Total,1497,100.00%,1137,357,3
Attorney General (Vote for 1),,,,,
JOSH SHAPIRO,398,26.89%,196,201,1
HEATHER HEIDELBAUGH,1052,71.08%,916,134,2
DANIEL WASSMER,18,1.22%,13,5,0
RICHARD L WEISS,11,0.74%,5,6,0
ATTORNEY GENERAL WRITE-IN,1,0.07%,1,0,0
Total,1480,100.00%,1131,346,3
Auditor General (Vote for 1),,,,,
NINA AHMAD,335,22.70%,145,189,1
TIMOTHY DEFOOR,1089,73.78%,943,144,2
JENNIFER MOORE,44,2.98%,36,8,0
OLIVIA FAISON,7,0.47%,3,4,0
AUDITOR GENERAL WRITE-IN,1,0.07%,0,1,0
Total,1476,100.00%,1127,346,3
State Treasurer (Vote for 1),,,,,
JOE TORSELLA,339,22.97%,151,187,1
STACY L GARRITY,1087,73.64%,941,144,2
JOE SOLOSKI,29,1.96%,21,8,0
TIMOTHY RUNKLE,21,1.42%,13,8,0
STATE TREASURER WRITE-IN,0,0.00%,0,0,0
Total,1476,100.00%,1126,347,3
Congress 12 (Vote for 1),,,,,
LEE GRIFFIN,332,22.51%,143,188,1
FRED KELLER,1141,77.36%,978,161,2
12TH CONGRESSIONAL WRITE-IN,2,0.14%,0,2,0
Total,1475,100.00%,1121,351,3
PA Senator 15 (Vote for 1),,,,,
GEORGE SCOTT,378,25.61%,172,205,1
JOHN DISANTO,1097,74.32%,950,145,2
15TH SENATORIAL WRITE-IN,1,0.07%,1,0,0
Choice,Votes,Vote %,ED,MI,PR
Total,1476,100.00%,1123,350,3
PA Rep 86 (Vote for 1),,,,,
PERRY STAMBAUGH,1251,96.23%,1034,215,2
86TH LEGISLATIVE WRITE-IN,49,3.77%,14,35,0
Total,1300,100.00%,1048,250,2
Precinct SANDY HILL DISTRICT,,,,,
President (Vote for 1),,,,,
BIDEN/HARRIS,93,23.19%,50,43,0
TRUMP/PENCE,300,74.81%,261,38,1
JORGENSEN/COHEN,7,1.75%,4,3,0
PRESIDENT WRITE-IN,1,0.25%,1,0,0
Total,401,100.00%,316,84,1
Attorney General (Vote for 1),,,,,
JOSH SHAPIRO,93,23.66%,53,40,0
HEATHER HEIDELBAUGH,287,73.03%,248,38,1
DANIEL WASSMER,8,2.04%,6,2,0
RICHARD L WEISS,5,1.27%,3,2,0
ATTORNEY GENERAL WRITE-IN,0,0.00%,0,0,0
Total,393,100.00%,310,82,1
Auditor General (Vote for 1),,,,,
NINA AHMAD,79,20.10%,42,37,0
TIMOTHY DEFOOR,298,75.83%,255,42,1
JENNIFER MOORE,12,3.05%,10,2,0
OLIVIA FAISON,4,1.02%,3,1,0
AUDITOR GENERAL WRITE-IN,0,0.00%,0,0,0
Total,393,100.00%,310,82,1
State Treasurer (Vote for 1),,,,,
JOE TORSELLA,79,20.15%,42,37,0
STACY L GARRITY,297,75.77%,255,41,1
JOE SOLOSKI,8,2.04%,6,2,0
TIMOTHY RUNKLE,8,2.04%,5,3,0
STATE TREASURER WRITE-IN,0,0.00%,0,0,0
Total,392,100.00%,308,83,1
Congress 12 (Vote for 1),,,,,
LEE GRIFFIN,81,20.51%,46,35,0
FRED KELLER,314,79.49%,267,46,1
12TH CONGRESSIONAL WRITE-IN,0,0.00%,0,0,0
Total,395,100.00%,313,81,1
PA Senator 15 (Vote for 1),,,,,
GEORGE SCOTT,93,23.43%,54,39,0
JOHN DISANTO,303,76.32%,259,43,1
15TH SENATORIAL WRITE-IN,1,0.25%,0,1,0
Total,397,100.00%,313,83,1
PA Rep 86 (Vote for 1),,,,,
PERRY STAMBAUGH,354,96.46%,293,60,1
86TH LEGISLATIVE WRITE-IN,13,3.54%,4,9,0
Total,367,100.00%,297,69,1
Precinct SAVILLE TOWNSHIP,,,,,
President (Vote for 1),,,,,
BIDEN/HARRIS,212,16.68%,87,125,0
Choice,Votes,Vote %,ED,MI,PR
TRUMP/PENCE,1040,81.83%,900,140,0
JORGENSEN/COHEN,13,1.02%,11,2,0
PRESIDENT WRITE-IN,6,0.47%,4,2,0
Total,1271,100.00%,1002,269,0
Attorney General (Vote for 1),,,,,
JOSH SHAPIRO,221,17.62%,109,112,0
HEATHER HEIDELBAUGH,998,79.59%,858,140,0
DANIEL WASSMER,20,1.59%,15,5,0
RICHARD L WEISS,14,1.12%,9,5,0
ATTORNEY GENERAL WRITE-IN,1,0.08%,1,0,0
Total,1254,100.00%,992,262,0
Auditor General (Vote for 1),,,,,
NINA AHMAD,186,15.13%,84,102,0
TIMOTHY DEFOOR,994,80.88%,852,142,0
JENNIFER MOORE,33,2.69%,28,5,0
OLIVIA FAISON,15,1.22%,10,5,0
AUDITOR GENERAL WRITE-IN,1,0.08%,1,0,0
Total,1229,100.00%,975,254,0
State Treasurer (Vote for 1),,,,,
JOE TORSELLA,186,15.09%,82,104,0
STACY L GARRITY,1005,81.51%,861,144,0
JOE SOLOSKI,24,1.95%,21,3,0
TIMOTHY RUNKLE,17,1.38%,9,8,0
STATE TREASURER WRITE-IN,1,0.08%,1,0,0
Total,1233,100.00%,974,259,0
Congress 12 (Vote for 1),,,,,
LEE GRIFFIN,197,15.89%,86,111,0
FRED KELLER,1042,84.03%,893,149,0
12TH CONGRESSIONAL WRITE-IN,1,0.08%,1,0,0
Total,1240,100.00%,980,260,0
PA Senator 15 (Vote for 1),,,,,
GEORGE SCOTT,238,19.12%,121,117,0
JOHN DISANTO,1005,80.72%,859,146,0
15TH SENATORIAL WRITE-IN,2,0.16%,2,0,0
Total,1245,100.00%,982,263,0
PA Rep 86 (Vote for 1),,,,,
PERRY STAMBAUGH,1135,97.42%,925,210,0
86TH LEGISLATIVE WRITE-IN,30,2.58%,14,16,0
Total,1165,100.00%,939,226,0
Precinct SPRING TOWNSHIP,,,,,
President (Vote for 1),,,,,
BIDEN/HARRIS,303,23.67%,131,170,2
TRUMP/PENCE,955,74.61%,827,121,7
JORGENSEN/COHEN,21,1.64%,15,6,0
PRESIDENT WRITE-IN,1,0.08%,0,1,0
Total,1280,100.00%,973,298,9
Attorney General (Vote for 1),,,,,
JOSH SHAPIRO,277,21.81%,122,154,1
HEATHER HEIDELBAUGH,963,75.83%,825,130,8
DANIEL WASSMER,19,1.50%,15,4,0
RICHARD L WEISS,11,0.87%,5,6,0
ATTORNEY GENERAL WRITE-IN,0,0.00%,0,0,0
Choice,Votes,Vote %,ED,MI,PR
Total,1270,100.00%,967,294,9
Auditor General (Vote for 1),,,,,
NINA AHMAD,242,19.10%,98,143,1
TIMOTHY DEFOOR,982,77.51%,839,135,8
JENNIFER MOORE,34,2.68%,23,11,0
OLIVIA FAISON,9,0.71%,6,3,0
AUDITOR GENERAL WRITE-IN,0,0.00%,0,0,0
Total,1267,100.00%,966,292,9
State Treasurer (Vote for 1),,,,,
JOE TORSELLA,262,20.66%,110,151,1
STACY L GARRITY,963,75.95%,827,128,8
JOE SOLOSKI,29,2.29%,19,10,0
TIMOTHY RUNKLE,14,1.10%,10,4,0
STATE TREASURER WRITE-IN,0,0.00%,0,0,0
Total,1268,100.00%,966,293,9
Congress 12 (Vote for 1),,,,,
LEE GRIFFIN,256,20.16%,104,151,1
FRED KELLER,1009,79.45%,861,140,8
12TH CONGRESSIONAL WRITE-IN,5,0.39%,3,2,0
Total,1270,100.00%,968,293,9
PA Senator 15 (Vote for 1),,,,,
GEORGE SCOTT,296,23.31%,132,163,1
JOHN DISANTO,974,76.69%,837,129,8
15TH SENATORIAL WRITE-IN,0,0.00%,0,0,0
Total,1270,100.00%,969,292,9
PA Rep 86 (Vote for 1),,,,,
PERRY STAMBAUGH,1148,97.54%,926,214,8
86TH LEGISLATIVE WRITE-IN,29,2.46%,5,24,0
Total,1177,100.00%,931,238,8
Precinct TOBOYNE TOWNSHIP 1ST,,,,,
President (Vote for 1),,,,,
BIDEN/HARRIS,29,17.06%,21,8,0
TRUMP/PENCE,137,80.59%,126,9,2
JORGENSEN/COHEN,4,2.35%,3,1,0
PRESIDENT WRITE-IN,0,0.00%,0,0,0
Total,170,100.00%,150,18,2
Attorney General (Vote for 1),,,,,
JOSH SHAPIRO,37,22.29%,28,9,0
HEATHER HEIDELBAUGH,126,75.90%,116,8,2
DANIEL WASSMER,2,1.20%,2,0,0
RICHARD L WEISS,1,0.60%,0,1,0
ATTORNEY GENERAL WRITE-IN,0,0.00%,0,0,0
Total,166,100.00%,146,18,2
Auditor General (Vote for 1),,,,,
NINA AHMAD,24,14.72%,17,7,0
TIMOTHY DEFOOR,133,81.60%,121,10,2
JENNIFER MOORE,4,2.45%,4,0,0
OLIVIA FAISON,2,1.23%,1,1,0
AUDITOR GENERAL WRITE-IN,0,0.00%,0,0,0
Total,163,100.00%,143,18,2
Choice,Votes,Vote %,ED,MI,PR
State Treasurer (Vote for 1),,,,,
JOE TORSELLA,26,15.95%,17,9,0
STACY L GARRITY,129,79.14%,119,8,2
JOE SOLOSKI,6,3.68%,6,0,0
TIMOTHY RUNKLE,2,1.23%,1,1,0
STATE TREASURER WRITE-IN,0,0.00%,0,0,0
Total,163,100.00%,143,18,2
Congress 12 (Vote for 1),,,,,
LEE GRIFFIN,28,16.87%,19,9,0
FRED KELLER,138,83.13%,127,9,2
12TH CONGRESSIONAL WRITE-IN,0,0.00%,0,0,0
Total,166,100.00%,146,18,2
PA Senator 15 (Vote for 1),,,,,
GEORGE SCOTT,30,18.18%,20,10,0
JOHN DISANTO,135,81.82%,125,8,2
15TH SENATORIAL WRITE-IN,0,0.00%,0,0,0
Total,165,100.00%,145,18,2
PA Rep 86 (Vote for 1),,,,,
PERRY STAMBAUGH,143,99.31%,127,14,2
86TH LEGISLATIVE WRITE-IN,1,0.69%,1,0,0
Total,144,100.00%,128,14,2
Precinct TOBOYNE TOWNSHIP 2ND,,,,,
President (Vote for 1),,,,,
BIDEN/HARRIS,4,7.69%,3,1,0
TRUMP/PENCE,48,92.31%,42,6,0
JORGENSEN/COHEN,0,0.00%,0,0,0
PRESIDENT WRITE-IN,0,0.00%,0,0,0
Total,52,100.00%,45,7,0
Attorney General (Vote for 1),,,,,
JOSH SHAPIRO,7,14.29%,5,2,0
HEATHER HEIDELBAUGH,42,85.71%,38,4,0
DANIEL WASSMER,0,0.00%,0,0,0
RICHARD L WEISS,0,0.00%,0,0,0
ATTORNEY GENERAL WRITE-IN,0,0.00%,0,0,0
Total,49,100.00%,43,6,0
Auditor General (Vote for 1),,,,,
NINA AHMAD,5,10.20%,4,1,0
TIMOTHY DEFOOR,42,85.71%,38,4,0
JENNIFER MOORE,2,4.08%,1,1,0
OLIVIA FAISON,0,0.00%,0,0,0
AUDITOR GENERAL WRITE-IN,0,0.00%,0,0,0
Total,49,100.00%,43,6,0
State Treasurer (Vote for 1),,,,,
JOE TORSELLA,4,8.33%,3,1,0
STACY L GARRITY,43,89.58%,39,4,0
JOE SOLOSKI,0,0.00%,0,0,0
TIMOTHY RUNKLE,1,2.08%,0,1,0
STATE TREASURER WRITE-IN,0,0.00%,0,0,0
Total,48,100.00%,42,6,0
Congress 12 (Vote for 1),,,,,
LEE GRIFFIN,4,8.16%,3,1,0
FRED KELLER,45,91.84%,40,5,0
Choice,Votes,Vote %,ED,MI,PR
12TH CONGRESSIONAL WRITE-IN,0,0.00%,0,0,0
Total,49,100.00%,43,6,0
PA Senator 15 (Vote for 1),,,,,
GEORGE SCOTT,7,14.29%,5,2,0
JOHN DISANTO,42,85.71%,38,4,0
15TH SENATORIAL WRITE-IN,0,0.00%,0,0,0
Total,49,100.00%,43,6,0
PA Rep 86 (Vote for 1),,,,,
PERRY STAMBAUGH,44,100.00%,40,4,0
86TH LEGISLATIVE WRITE-IN,0,0.00%,0,0,0
Total,44,100.00%,40,4,0
Precinct TUSCARORA TOWNSHIP,,,,,
President (Vote for 1),,,,,
BIDEN/HARRIS,128,18.44%,49,77,2
TRUMP/PENCE,545,78.53%,445,84,16
JORGENSEN/COHEN,18,2.59%,16,2,0
PRESIDENT WRITE-IN,3,0.43%,0,3,0
Total,694,100.00%,510,166,18
Attorney General (Vote for 1),,,,,
JOSH SHAPIRO,142,20.70%,60,80,2
HEATHER HEIDELBAUGH,530,77.26%,428,86,16
DANIEL WASSMER,11,1.60%,11,0,0
RICHARD L WEISS,3,0.44%,2,1,0
ATTORNEY GENERAL WRITE-IN,0,0.00%,0,0,0
Total,686,100.00%,501,167,18
Auditor General (Vote for 1),,,,,
NINA AHMAD,120,17.73%,42,76,2
TIMOTHY DEFOOR,534,78.88%,433,85,16
JENNIFER MOORE,16,2.36%,14,2,0
OLIVIA FAISON,6,0.89%,4,2,0
AUDITOR GENERAL WRITE-IN,1,0.15%,1,0,0
Total,677,100.00%,494,165,18
State Treasurer (Vote for 1),,,,,
JOE TORSELLA,125,18.33%,46,77,2
STACY L GARRITY,538,78.89%,435,87,16
JOE SOLOSKI,13,1.91%,11,2,0
TIMOTHY RUNKLE,6,0.88%,5,1,0
STATE TREASURER WRITE-IN,0,0.00%,0,0,0
Total,682,100.00%,497,167,18
Congress 12 (Vote for 1),,,,,
LEE GRIFFIN,111,16.20%,41,68,2
FRED KELLER,572,83.50%,458,98,16
12TH CONGRESSIONAL WRITE-IN,2,0.29%,2,0,0
Total,685,100.00%,501,166,18
PA Senator 15 (Vote for 1),,,,,
GEORGE SCOTT,136,19.77%,53,81,2
JOHN DISANTO,551,80.09%,448,87,16
15TH SENATORIAL WRITE-IN,1,0.15%,1,0,0
Total,688,100.00%,502,168,18
PA Rep 86 (Vote for 1),,,,,
PERRY STAMBAUGH,613,96.99%,476,120,17
Choice,Votes,Vote %,ED,MI,PR
86TH LEGISLATIVE WRITE-IN,19,3.01%,6,13,0
Total,632,100.00%,482,133,17
Precinct TYRONE TOWNSHIP,,,,,
President (Vote for 1),,,,,
BIDEN/HARRIS,187,20.73%,88,96,3
TRUMP/PENCE,693,76.83%,624,68,1
JORGENSEN/COHEN,18,2.00%,13,5,0
PRESIDENT WRITE-IN,4,0.44%,1,3,0
Total,902,100.00%,726,172,4
Attorney General (Vote for 1),,,,,
JOSH SHAPIRO,209,23.56%,113,93,3
HEATHER HEIDELBAUGH,656,73.96%,589,66,1
DANIEL WASSMER,19,2.14%,14,5,0
RICHARD L WEISS,3,0.34%,1,2,0
ATTORNEY GENERAL WRITE-IN,0,0.00%,0,0,0
Total,887,100.00%,717,166,4
Auditor General (Vote for 1),,,,,
NINA AHMAD,165,18.81%,73,90,2
TIMOTHY DEFOOR,673,76.74%,602,69,2
JENNIFER MOORE,33,3.76%,26,7,0
OLIVIA FAISON,6,0.68%,6,0,0
AUDITOR GENERAL WRITE-IN,0,0.00%,0,0,0
Total,877,100.00%,707,166,4
State Treasurer (Vote for 1),,,,,
JOE TORSELLA,195,22.06%,99,93,3
STACY L GARRITY,657,74.32%,590,66,1
JOE SOLOSKI,21,2.38%,17,4,0
TIMOTHY RUNKLE,11,1.24%,6,5,0
STATE TREASURER WRITE-IN,0,0.00%,0,0,0
Total,884,100.00%,712,168,4
Congress 12 (Vote for 1),,,,,
LEE GRIFFIN,172,19.50%,80,90,2
FRED KELLER,710,80.50%,630,78,2
12TH CONGRESSIONAL WRITE-IN,0,0.00%,0,0,0
Total,882,100.00%,710,168,4
PA Senator 15 (Vote for 1),,,,,
GEORGE SCOTT,195,22.06%,105,87,3
JOHN DISANTO,689,77.94%,609,79,1
15TH SENATORIAL WRITE-IN,0,0.00%,0,0,0
Total,884,100.00%,714,166,4
PA Rep 86 (Vote for 1),,,,,
PERRY STAMBAUGH,811,97.36%,674,135,2
86TH LEGISLATIVE WRITE-IN,22,2.64%,11,10,1
Total,833,100.00%,685,145,3
Precinct WATTS TOWNSHIP,,,,,
President (Vote for 1),,,,,
BIDEN/HARRIS,163,21.45%,80,83,0
TRUMP/PENCE,585,76.97%,527,56,2
JORGENSEN/COHEN,9,1.18%,8,1,0
PRESIDENT WRITE-IN,3,0.39%,3,0,0
Total,760,100.00%,618,140,2
Choice,Votes,Vote %,ED,MI,PR
Attorney General (Vote for 1),,,,,
JOSH SHAPIRO,171,22.80%,89,82,0
HEATHER HEIDELBAUGH,564,75.20%,509,53,2
DANIEL WASSMER,9,1.20%,7,2,0
RICHARD L WEISS,6,0.80%,4,2,0
ATTORNEY GENERAL WRITE-IN,0,0.00%,0,0,0
Total,750,100.00%,609,139,2
Auditor General (Vote for 1),,,,,
NINA AHMAD,137,18.34%,71,66,0
TIMOTHY DEFOOR,580,77.64%,519,59,2
JENNIFER MOORE,20,2.68%,16,4,0
OLIVIA FAISON,10,1.34%,3,7,0
AUDITOR GENERAL WRITE-IN,0,0.00%,0,0,0
Total,747,100.00%,609,136,2
State Treasurer (Vote for 1),,,,,
JOE TORSELLA,151,20.21%,77,74,0
STACY L GARRITY,570,76.31%,512,56,2
JOE SOLOSKI,17,2.28%,14,3,0
TIMOTHY RUNKLE,9,1.20%,6,3,0
STATE TREASURER WRITE-IN,0,0.00%,0,0,0
Total,747,100.00%,609,136,2
Congress 12 (Vote for 1),,,,,
LEE GRIFFIN,144,19.15%,75,69,0
FRED KELLER,608,80.85%,535,71,2
12TH CONGRESSIONAL WRITE-IN,0,0.00%,0,0,0
Total,752,100.00%,610,140,2
PA Senator 15 (Vote for 1),,,,,
GEORGE SCOTT,164,21.78%,92,72,0
JOHN DISANTO,589,78.22%,520,67,2
15TH SENATORIAL WRITE-IN,0,0.00%,0,0,0
Total,753,100.00%,612,139,2
PA Rep 86 (Vote for 1),,,,,
PERRY STAMBAUGH,661,97.78%,561,98,2
86TH LEGISLATIVE WRITE-IN,15,2.22%,8,7,0
Total,676,100.00%,569,105,2
Precinct WHEATFIELD TOWNSHIP,,,,,
President (Vote for 1),,,,,
BIDEN/HARRIS,387,20.42%,125,261,1
TRUMP/PENCE,1484,78.31%,1188,285,11
JORGENSEN/COHEN,21,1.11%,14,7,0
PRESIDENT WRITE-IN,3,0.16%,1,2,0
Total,1895,100.00%,1328,555,12
Attorney General (Vote for 1),,,,,
JOSH SHAPIRO,399,21.23%,141,257,1
HEATHER HEIDELBAUGH,1433,76.26%,1151,271,11
DANIEL WASSMER,35,1.86%,21,14,0
RICHARD L WEISS,11,0.59%,6,5,0
ATTORNEY GENERAL WRITE-IN,1,0.05%,1,0,0
Total,1879,100.00%,1320,547,12
Auditor General (Vote for 1),,,,,
NINA AHMAD,332,17.74%,107,223,2
TIMOTHY DEFOOR,1473,78.69%,1168,295,10
Choice,Votes,Vote %,ED,MI,PR
JENNIFER MOORE,53,2.83%,37,16,0
OLIVIA FAISON,13,0.69%,5,8,0
AUDITOR GENERAL WRITE-IN,1,0.05%,0,1,0
Total,1872,100.00%,1317,543,12
State Treasurer (Vote for 1),,,,,
JOE TORSELLA,340,18.17%,106,233,1
STACY L GARRITY,1472,78.67%,1177,285,10
JOE SOLOSKI,41,2.19%,25,15,1
TIMOTHY RUNKLE,18,0.96%,12,6,0
STATE TREASURER WRITE-IN,0,0.00%,0,0,0
Total,1871,100.00%,1320,539,12
Congress 12 (Vote for 1),,,,,
LEE GRIFFIN,352,18.74%,111,240,1
FRED KELLER,1525,81.20%,1208,306,11
12TH CONGRESSIONAL WRITE-IN,1,0.05%,1,0,0
Total,1878,100.00%,1320,546,12
PA Senator 15 (Vote for 1),,,,,
GEORGE SCOTT,395,21.06%,144,250,1
JOHN DISANTO,1479,78.84%,1174,294,11
15TH SENATORIAL WRITE-IN,2,0.11%,2,0,0
Total,1876,100.00%,1320,544,12
PA Rep 86 (Vote for 1),,,,,
PERRY STAMBAUGH,1654,97.35%,1240,403,11
86TH LEGISLATIVE WRITE-IN,45,2.65%,11,34,0
Total,1699,100.00%,1251,437,11
All Precincts,,,,,
President (Vote for 1),,,,,
BIDEN/HARRIS,5950,24.06%,2826,3083,41
TRUMP/PENCE,18293,73.98%,15752,2384,157
JORGENSEN/COHEN,409,1.65%,316,88,5
PRESIDENT WRITE-IN,76,0.31%,40,35,1
Total,24728,100.00%,18934,5590,204
Attorney General (Vote for 1),,,,,
JOSH SHAPIRO,6225,25.47%,3205,2974,46
HEATHER HEIDELBAUGH,17471,71.47%,14983,2341,147
DANIEL WASSMER,507,2.07%,401,104,2
RICHARD L WEISS,230,0.94%,145,81,4
ATTORNEY GENERAL WRITE-IN,11,0.05%,9,2,0
Total,24444,100.00%,18743,5502,199
Auditor General (Vote for 1),,,,,
NINA AHMAD,5065,20.90%,2376,2650,39
TIMOTHY DEFOOR,18077,74.58%,15393,2529,155
JENNIFER MOORE,844,3.48%,677,162,5
OLIVIA FAISON,243,1.00%,149,92,2
AUDITOR GENERAL WRITE-IN,11,0.05%,5,6,0
Total,24240,100.00%,18600,5439,201
State Treasurer (Vote for 1),,,,,
JOE TORSELLA,5436,22.38%,2638,2762,36
STACY L GARRITY,17917,73.78%,15305,2459,153
JOE SOLOSKI,624,2.57%,495,123,6
TIMOTHY RUNKLE,300,1.24%,189,106,5
STATE TREASURER WRITE-IN,8,0.03%,6,2,0
Choice,Votes,Vote %,ED,MI,PR
Total,24285,100.00%,18633,5452,200
Congress 12 (Vote for 1),,,,,
LEE GRIFFIN,5255,21.59%,2499,2716,40
FRED KELLER,19040,78.21%,16125,2756,159
12TH CONGRESSIONAL WRITE-IN,49,0.20%,36,13,0
Total,24344,100.00%,18660,5485,199
PA Senator 15 (Vote for 1),,,,,
GEORGE SCOTT,6075,24.91%,3090,2939,46
JOHN DISANTO,18277,74.95%,15585,2537,155
15TH SENATORIAL WRITE-IN,32,0.13%,22,10,0
Total,24384,100.00%,18697,5486,201
PA Rep 86 (Vote for 1),,,,,
PERRY STAMBAUGH,21354,96.78%,17264,3908,182
86TH LEGISLATIVE WRITE-IN,711,3.22%,305,402,4
Total,22065,100.00%,17569,4310,186
